{"Filename":"Animal01_12_AVD_120_VVD_0_IVD_0_x1_90bpm","Channels":["Time", "I"],"Time":[ 0.00000, 0.00025, 0.00050, 0.00075, 0.00100],"I":[ -144, -142, -136, -134, -132]}